{
	"format_version": "1.8.0",
	"animations": {
		"blade_action": {
			"loop": "play_once",
			"animation_length": 0.75,
			"bones": {
				"torso": {
					"rotation": {
						"0.0": {
							"vector": [0, -22.5, 0]
						},
						"0.5": {
							"vector": [0, 0, 0]
						}
					}
				},
				"right_arm": {
					"rotation": {
						"0.0": {
							"vector": [-48.35556, -42.35227, -75.33442]
						},
						"0.25": {
							"vector": [-103.15821, -55.44449, -6.63395]
						},
						"0.5": {
							"vector": [-13.50168, -11.68745, 47.92175],
							"easing": "easeInCubic"
						},
						"0.75": {
							"vector": [0, 0, 0]
						}
					},
					"position": {
						"0.0": {
							"vector": [2, 0, -2.78]
						},
						"0.5": {
							"vector": [-1, 0, 0.22]
						},
						"0.75": {
							"vector": [0, 0, 0]
						}
					}
				},
				"left_arm": {
					"rotation": {
						"0.0": {
							"vector": [-33.91682, 26.78666, -3.61207]
						},
						"0.3333": {
							"vector": [-40.01241, 39.03607, 25.94742]
						},
						"0.375": {
							"vector": [-111.06234, 22.67108, 21.17858]
						},
						"0.4583": {
							"vector": [-118.1622, -10.0589, 11.6409],
							"easing": "linear"
						},
						"0.75": {
							"vector": [0, 0, 0]
						}
					},
					"position": {
						"0.0": {
							"vector": [0, 0, 2]
						},
						"0.3333": {
							"vector": [-1, -1, 0]
						},
						"0.4583": {
							"vector": [0, 0, 0]
						},
						"0.75": {
							"vector": [0, 0, 0]
						}
					}
				}
			}
		}
	}
}